{"lr": 0.009997549655046198, "data_time": 0.002181386947631836, "loss": 0.13496474847197532, "decode.loss_ce": 0.09312029033899308, "decode.acc_seg": 32.232666015625, "aux.loss_ce": 0.04184445850551129, "aux.acc_seg": 26.239013671875, "time": 0.44331233501434325, "memory": 3685, "step": 12}
{"lr": 0.00997794446709763, "data_time": 0.002390408515930176, "loss": 0.0895861592143774, "decode.loss_ce": 0.06330725271254778, "decode.acc_seg": 60.321044921875, "aux.loss_ce": 0.026278906408697365, "aux.acc_seg": 69.036865234375, "time": 0.45404467582702634, "memory": 2056, "step": 100}
{"lr": 0.009955660594668054, "data_time": 0.0023939847946166993, "loss": 0.07149700336158275, "decode.loss_ce": 0.050190212205052376, "decode.acc_seg": 83.59375, "aux.loss_ce": 0.021306790970265867, "aux.acc_seg": 92.17529296875, "time": 0.45092794895172117, "memory": 2056, "step": 200}
{"lr": 0.009933371122565919, "data_time": 0.002293896675109863, "loss": 0.0474068883806467, "decode.loss_ce": 0.032358985394239426, "decode.acc_seg": 96.014404296875, "aux.loss_ce": 0.01504790261387825, "aux.acc_seg": 96.075439453125, "time": 0.4507596015930176, "memory": 2056, "step": 300}
{"lr": 0.009911076035273796, "data_time": 0.0023897409439086912, "loss": 0.05537984631955624, "decode.loss_ce": 0.03920160382986069, "decode.acc_seg": 85.11962890625, "aux.loss_ce": 0.016178242303431033, "aux.acc_seg": 75.091552734375, "time": 0.4500499963760376, "memory": 2056, "step": 400}
{"lr": 0.0098887753171919, "data_time": 0.002688479423522949, "loss": 0.055943094193935394, "decode.loss_ce": 0.03917604573071003, "decode.acc_seg": 60.662841796875, "aux.loss_ce": 0.01676704892888665, "aux.acc_seg": 43.65234375, "time": 0.45383899211883544, "memory": 2056, "step": 500}
{"aAcc": 71.84, "mIoU": 28.67, "mAcc": 35.93, "data_time": 0.39946751161055133, "time": 7.018777370452881, "step": 500}
{"lr": 0.009866468952637547, "data_time": 0.003976178169250488, "loss": 0.05552626810967922, "decode.loss_ce": 0.03963413378223777, "decode.acc_seg": 66.107177734375, "aux.loss_ce": 0.01589213442057371, "aux.acc_seg": 69.482421875, "time": 0.4970226526260376, "memory": 4191, "step": 600}
{"lr": 0.009844156925844432, "data_time": 0.00429239273071289, "loss": 0.05232760235667229, "decode.loss_ce": 0.037212173640728, "decode.acc_seg": 72.2900390625, "aux.loss_ce": 0.01511542797088623, "aux.acc_seg": 72.467041015625, "time": 0.4936105012893677, "memory": 2055, "step": 700}
{"lr": 0.009821839220962003, "data_time": 0.003589367866516113, "loss": 0.044466984644532206, "decode.loss_ce": 0.031158850248903035, "decode.acc_seg": 92.327880859375, "aux.loss_ce": 0.013308134814724325, "aux.acc_seg": 91.80908203125, "time": 0.4936760187149048, "memory": 2055, "step": 800}
{"lr": 0.009799515822054777, "data_time": 0.004495477676391602, "loss": 0.056251289509236815, "decode.loss_ce": 0.03945084996521473, "decode.acc_seg": 94.07958984375, "aux.loss_ce": 0.016800440056249498, "aux.acc_seg": 89.61181640625, "time": 0.5015977144241333, "memory": 2055, "step": 900}
{"lr": 0.00977718671310168, "data_time": 0.003394937515258789, "loss": 0.05476603265851736, "decode.loss_ce": 0.039099956303834914, "decode.acc_seg": 56.854248046875, "aux.loss_ce": 0.01566607691347599, "aux.acc_seg": 59.24072265625, "time": 0.4929596662521362, "memory": 2055, "step": 1000}
{"aAcc": 80.86, "mIoU": 42.81, "mAcc": 48.77, "data_time": 0.014253973960876465, "time": 0.7270784775416056, "step": 1000}
{"lr": 0.009754851877995354, "data_time": 0.0033387660980224608, "loss": 0.044604412466287616, "decode.loss_ce": 0.031843878142535684, "decode.acc_seg": 86.0107421875, "aux.loss_ce": 0.01276053418405354, "aux.acc_seg": 89.7705078125, "time": 0.49845826625823975, "memory": 2055, "step": 1100}
{"lr": 0.009732511300541468, "data_time": 0.0037503719329833986, "loss": 0.04716022647917271, "decode.loss_ce": 0.0328502457588911, "decode.acc_seg": 63.96484375, "aux.loss_ce": 0.014309979882091284, "aux.acc_seg": 64.7216796875, "time": 0.49347259998321535, "memory": 2055, "step": 1200}
{"lr": 0.009710164964458045, "data_time": 0.0028869152069091798, "loss": 0.042207421734929085, "decode.loss_ce": 0.029361977986991406, "decode.acc_seg": 90.570068359375, "aux.loss_ce": 0.012845443049445748, "aux.acc_seg": 89.599609375, "time": 0.4916489362716675, "memory": 2055, "step": 1300}
{"lr": 0.009687812853374727, "data_time": 0.003786158561706543, "loss": 0.057230372726917264, "decode.loss_ce": 0.03991881879046559, "decode.acc_seg": 92.535400390625, "aux.loss_ce": 0.017311554308980702, "aux.acc_seg": 88.24462890625, "time": 0.49000332355499265, "memory": 2055, "step": 1400}
{"lr": 0.009665454950832103, "data_time": 0.0031943559646606446, "loss": 0.04515765272080898, "decode.loss_ce": 0.031819010898470876, "decode.acc_seg": 85.3759765625, "aux.loss_ce": 0.013338641915470361, "aux.acc_seg": 81.304931640625, "time": 0.493108344078064, "memory": 2055, "step": 1500}
{"aAcc": 80.85, "mIoU": 49.78, "mAcc": 61.6, "data_time": 0.014387885729471842, "time": 0.7202443281809489, "step": 1500}
{"lr": 0.009643091240280942, "data_time": 0.004687619209289551, "loss": 0.05890201851725578, "decode.loss_ce": 0.04083031490445137, "decode.acc_seg": 63.671875, "aux.loss_ce": 0.018071702774614097, "aux.acc_seg": 59.429931640625, "time": 0.49694559574127195, "memory": 2055, "step": 1600}
{"lr": 0.009620721705081534, "data_time": 0.0035939693450927736, "loss": 0.04557570423930883, "decode.loss_ce": 0.03151977863162756, "decode.acc_seg": 83.197021484375, "aux.loss_ce": 0.01405592649243772, "aux.acc_seg": 79.931640625, "time": 0.49395051002502444, "memory": 2055, "step": 1700}
{"lr": 0.009598346328502901, "data_time": 0.0045834541320800785, "loss": 0.05191641114652157, "decode.loss_ce": 0.03664140291512012, "decode.acc_seg": 49.530029296875, "aux.loss_ce": 0.015275008324533702, "aux.acc_seg": 71.2158203125, "time": 0.49616830348968505, "memory": 2055, "step": 1800}
{"lr": 0.009575965093722064, "data_time": 0.004497122764587402, "loss": 0.03517302572727203, "decode.loss_ce": 0.025335572194308043, "decode.acc_seg": 82.32421875, "aux.loss_ce": 0.009837453393265605, "aux.acc_seg": 83.11767578125, "time": 0.4941211700439453, "memory": 2055, "step": 1900}
{"lr": 0.009553577983823325, "data_time": 0.003351712226867676, "loss": 0.04215168487280607, "decode.loss_ce": 0.030095375142991543, "decode.acc_seg": 91.412353515625, "aux.loss_ce": 0.012056309543550015, "aux.acc_seg": 91.021728515625, "time": 0.49282958507537844, "memory": 2055, "step": 2000}
{"aAcc": 84.0, "mIoU": 52.65, "mAcc": 65.36, "data_time": 0.013818442821502686, "time": 0.725913385550181, "step": 2000}
{"lr": 0.0095311849817975, "data_time": 0.003270387649536133, "loss": 0.049702775105834006, "decode.loss_ce": 0.03519087508320808, "decode.acc_seg": 54.986572265625, "aux.loss_ce": 0.014511900953948498, "aux.acc_seg": 54.04052734375, "time": 0.49491832256317136, "memory": 2055, "step": 2100}
{"lr": 0.009508786070541123, "data_time": 0.003516840934753418, "loss": 0.046761165000498296, "decode.loss_ce": 0.0330327844247222, "decode.acc_seg": 74.505615234375, "aux.loss_ce": 0.013728380342945457, "aux.acc_seg": 71.96044921875, "time": 0.49634103775024413, "memory": 2055, "step": 2200}
{"lr": 0.009486381232855704, "data_time": 0.004483866691589356, "loss": 0.04502660259604454, "decode.loss_ce": 0.03186249118298292, "decode.acc_seg": 73.211669921875, "aux.loss_ce": 0.013164111506193876, "aux.acc_seg": 72.37548828125, "time": 0.4994234323501587, "memory": 2055, "step": 2300}
{"lr": 0.009463970451446941, "data_time": 0.006839752197265625, "loss": 0.0411995766684413, "decode.loss_ce": 0.028976885229349138, "decode.acc_seg": 78.961181640625, "aux.loss_ce": 0.012222690694034099, "aux.acc_seg": 77.459716796875, "time": 0.5219074249267578, "memory": 2055, "step": 2400}
{"lr": 0.009441553708923918, "data_time": 0.0032015323638916017, "loss": 0.05255912579596043, "decode.loss_ce": 0.03798094931989908, "decode.acc_seg": 78.271484375, "aux.loss_ce": 0.014578176755458116,